{
  "timestamp": "20260303_182723",
  "backend": "ibm_torino",
  "n_physical_qubits": 133,
  "n_system_qubits_tsvf": 132,
  "n_layers": 1,
  "shots": 100000,
  "n_edges_standard": 150,
  "n_edges_tsvf": 149,
  "alpha": 0.8,
  "target_acceptance": 0.1,
  "dmrg_energy": -411.84000000000003,
  "zne_energy": -402.59999999999997,
  "energy_standard": -4.10782,
  "energy_tsvf": -4.187578550481776,
  "cooling_delta": -0.07975855048177571,
  "error_standard_dmrg": 407.73218,
  "error_tsvf_dmrg": 407.6524214495183,
  "improvement_pct": 0.019561504927512997,
  "beats_zne": false,
  "galton_threshold": 0.7878787878787878,
  "acceptance_probability": 0.11952,
  "accepted_shots": 11952,
  "total_shots": 100000,
  "ancilla_accepted": 38192,
  "tts": 8.366800535475234,
  "std_depth_transpiled": 97,
  "tsvf_depth_transpiled": 16709,
  "std_job_id": "d6jgnr060irc7394gn8g",
  "tsvf_job_id": "d6jgo5cgmsgc73bv2d8g",
  "std_wall_time": 38.61765789985657,
  "tsvf_wall_time": 103.35114407539368
}