{
  "experiment": "bias_study",
  "timestamp": "20260304_203159",
  "n_qubits": 8,
  "shots_per_trial": 100000,
  "n_trials": 15,
  "j_coupling": 1.0,
  "h_field": 3.04,
  "exact_energy": -24.89848442198773,
  "noise_model": "IBM Heron-class (T1=300\u00b5s, T2=150\u00b5s, dep_1q=1e-3, dep_2q=1e-2)",
  "results": {
    "3": {
      "raw": {
        "name": "A: Raw",
        "mean_energy": 0.155144,
        "bias": 25.05362842198773,
        "variance": 0.29862685144,
        "std": 0.5464676124346255,
        "mse": 627.9829239584715,
        "ci_95_lower": -0.10361349999999998,
        "ci_95_upper": 0.4216028333333333,
        "bias_pvalue": 7.109395067471845e-25,
        "mean_acceptance": 1.0,
        "energies": [
          -0.45762,
          0.69204,
          0.32362,
          0.0732,
          0.23498,
          -0.52154,
          -0.55384,
          0.10878,
          0.58354,
          0.9326,
          0.02642,
          -0.05218,
          -0.61454,
          1.16468,
          0.38702
        ]
      },
      "ancilla": {
        "name": "B: Ancilla",
        "mean_energy": -0.2978896816926385,
        "bias": 24.600594740295094,
        "variance": 0.00015281867699582936,
        "std": 0.012361985155946005,
        "mse": 605.1894143949116,
        "ci_95_lower": -0.3041241067014786,
        "ci_95_upper": -0.2920576459427005,
        "bias_pvalue": 8.46020058308214e-48,
        "mean_acceptance": 0.37531933333333334,
        "energies": [
          -0.29169779105751786,
          -0.3052464228934817,
          -0.3163704396632367,
          -0.2902208201892745,
          -0.27790554634433334,
          -0.3086092715231788,
          -0.32210224710158386,
          -0.2950469684030743,
          -0.2827310308041072,
          -0.2994975411588625,
          -0.2860600579833497,
          -0.29636956637972517,
          -0.3012643433914152,
          -0.30632600810753147,
          -0.28889717038890517
        ]
      },
      "ancilla_galton": {
        "name": "C: Ancilla+Galton",
        "mean_energy": -1.9603411313001402,
        "bias": 22.93814329068759,
        "variance": 0.000207718819500447,
        "std": 0.014412453625266136,
        "mse": 526.1586253429357,
        "ci_95_lower": -1.9670531427154563,
        "ci_95_upper": -1.953133555716132,
        "bias_pvalue": 1.9315190116338193e-46,
        "mean_acceptance": 0.22038866666666668,
        "energies": [
          -1.9530262380064571,
          -1.9614261978535183,
          -1.9691965703397905,
          -1.92703473889216,
          -1.945891600402157,
          -1.972161007420733,
          -1.9595266908699744,
          -1.9704152801203447,
          -1.9505321335586718,
          -1.9728129696252106,
          -1.9472826086956523,
          -1.9765892392643636,
          -1.9501766464353656,
          -1.9711192977668623,
          -1.9779257502508438
        ]
      }
    },
    "4": {
      "raw": {
        "name": "A: Raw",
        "mean_energy": -0.108008,
        "bias": 24.79047642198773,
        "variance": 0.20630153993142852,
        "std": 0.454204293167104,
        "mse": 614.774022769061,
        "ci_95_lower": -0.3399829,
        "ci_95_upper": 0.10478226666666661,
        "bias_pvalue": 6.19471083181043e-26,
        "mean_acceptance": 1.0,
        "energies": [
          -0.55526,
          -1.15676,
          -0.32454,
          0.01324,
          0.24358,
          0.01334,
          0.15632,
          0.56846,
          -0.30524,
          0.2127,
          -0.24274,
          -0.4572,
          0.42632,
          0.27694,
          -0.48928
        ]
      },
      "ancilla": {
        "name": "B: Ancilla",
        "mean_energy": -0.3708530184028518,
        "bias": 24.52763140358488,
        "variance": 0.00018645375494054047,
        "std": 0.013654807026851038,
        "mse": 601.6048887238782,
        "ci_95_lower": -0.3773255273967725,
        "ci_95_upper": -0.36418932749646404,
        "bias_pvalue": 3.54979549835362e-47,
        "mean_acceptance": 0.39958400000000005,
        "energies": [
          -0.38994469582704877,
          -0.34209998998096386,
          -0.3649431024156518,
          -0.3887048155252734,
          -0.35402949202613726,
          -0.3883917412388142,
          -0.3619245292455425,
          -0.3594705705404592,
          -0.3749655983387125,
          -0.37588118712526025,
          -0.3707306039357611,
          -0.37668711656441717,
          -0.36050533914874416,
          -0.37758861011549183,
          -0.37692788401449817
        ]
      },
      "ancilla_galton": {
        "name": "C: Ancilla+Galton",
        "mean_energy": -1.9973276265703537,
        "bias": 22.90115679541738,
        "variance": 0.0001263487040621415,
        "std": 0.011240493942089088,
        "mse": 524.4631089169956,
        "ci_95_lower": -2.002962337274086,
        "ci_95_upper": -1.9919234038199598,
        "bias_pvalue": 6.086614482579494e-48,
        "mean_acceptance": 0.23883733333333337,
        "energies": [
          -1.994933634802998,
          -1.9828152640889563,
          -2.0096476510067114,
          -2.0071033938437255,
          -1.9842817517021099,
          -2.0184320266889073,
          -2.009467704607616,
          -1.989693323797905,
          -1.995235707121364,
          -1.987317399857687,
          -1.9836436839456466,
          -2.0051639447499894,
          -2.003359932801344,
          -1.9881933800074567,
          -2.000625599532886
        ]
      }
    },
    "5": {
      "raw": {
        "name": "A: Raw",
        "mean_energy": -0.292484,
        "bias": 24.60600042198773,
        "variance": 0.33806270801142846,
        "std": 0.5814316021781311,
        "mse": 605.7933194748717,
        "ci_95_lower": -0.5673321666666665,
        "ci_95_upper": -0.0076452666666666684,
        "bias_pvalue": 2.1792465751037346e-24,
        "mean_acceptance": 1.0,
        "energies": [
          -0.219,
          -0.22078,
          0.50522,
          -1.07578,
          -0.30718,
          -0.88404,
          -0.79732,
          0.26242,
          0.30294,
          0.8196,
          -0.74798,
          0.02364,
          -0.39622,
          -0.62642,
          -1.02636
        ]
      },
      "ancilla": {
        "name": "B: Ancilla",
        "mean_energy": -0.41557742345267934,
        "bias": 24.482906998535054,
        "variance": 9.36150895518962e-05,
        "std": 0.009675489111765679,
        "mse": 599.4128287140063,
        "ci_95_lower": -0.42035457676848303,
        "ci_95_upper": -0.4108864281729763,
        "bias_pvalue": 2.929028519709907e-49,
        "mean_acceptance": 0.4252573333333333,
        "energies": [
          -0.4231749929171782,
          -0.43122886133032695,
          -0.4022285956086323,
          -0.4144315381907779,
          -0.42910394941726043,
          -0.41055002815843816,
          -0.4029661613554231,
          -0.4236068657418293,
          -0.41185360094451,
          -0.4255164489882055,
          -0.4229156417644716,
          -0.4097822005257229,
          -0.40566370848143873,
          -0.4056826777609682,
          -0.41495608060500727
        ]
      },
      "ancilla_galton": {
        "name": "C: Ancilla+Galton",
        "mean_energy": -2.9485194420019663,
        "bias": 21.949964979985765,
        "variance": 0.000211421508588288,
        "std": 0.014540340731505848,
        "mse": 481.8011740441101,
        "ci_95_lower": -2.955295082393821,
        "ci_95_upper": -2.9411185694316524,
        "bias_pvalue": 4.049059298962741e-46,
        "mean_acceptance": 0.15189933333333333,