{
  "experiment": "bias_study",
  "timestamp": "20260304_190220",
  "n_qubits": 6,
  "shots_per_trial": 10000,
  "n_trials": 3,
  "j_coupling": 1.0,
  "h_field": 3.04,
  "exact_energy": -18.652866987044423,
  "noise_model": "IBM Heron-class (T1=300\u00b5s, T2=150\u00b5s, dep_1q=1e-3, dep_2q=1e-2)",
  "results": {
    "1": {
      "raw": {
        "name": "A: Raw",
        "mean_energy": 0.009133333333333363,
        "bias": 18.662000320377757,
        "variance": 2.6831388933333336,
        "std": 1.638028965962853,
        "mse": 350.9533948511128,
        "ci_95_lower": -1.8472,
        "ci_95_upper": 1.2514,
        "bias_pvalue": 0.00255821179748634,
        "mean_acceptance": 1.0,
        "energies": [
          1.2514,
          0.6232,
          -1.8472
        ]
      },
      "ancilla": {
        "name": "B: Ancilla",
        "mean_energy": -0.17588475107797744,
        "bias": 18.476982235966446,
        "variance": 0.0097326198981255,
        "std": 0.0986540414687888,
        "mse": 341.40860516811773,
        "ci_95_lower": -0.2632302405498282,
        "ci_95_upper": -0.06888196607822776,
        "bias_pvalue": 9.502551564408895e-06,
        "mean_acceptance": 0.292,
        "energies": [
          -0.1955420466058764,
          -0.06888196607822776,
          -0.2632302405498282
        ]
      },
      "ancilla_galton": {
        "name": "C: Ancilla+Galton",
        "mean_energy": -1.1830503495444917,
        "bias": 17.46981663749993,
        "variance": 0.00863202499883939,
        "std": 0.09290869172924238,
        "mse": 305.20312537286827,
        "ci_95_lower": -1.2774893817838604,
        "ci_95_upper": -1.0917516218721037,
        "bias_pvalue": 9.427761767400156e-06,
        "mean_acceptance": 0.20926666666666668,
        "energies": [
          -1.0917516218721037,
          -1.1799100449775113,
          -1.2774893817838604
        ]
      }
    },
    "2": {
      "raw": {
        "name": "A: Raw",
        "mean_energy": -0.14119999999999996,
        "bias": 18.51166698704442,
        "variance": 0.16600335999999996,
        "std": 0.4074350991262289,
        "mse": 342.84781799923024,
        "ci_95_lower": -0.5892,
        "ci_95_upper": 0.20719999999999997,
        "bias_pvalue": 0.00016143562891925142,
        "mean_acceptance": 1.0,
        "energies": [
          -0.5892,
          -0.0416,
          0.2072
        ]
      },
      "ancilla": {
        "name": "B: Ancilla",
        "mean_energy": -0.2688071737767177,
        "bias": 18.384059813267704,
        "variance": 0.0038143796304525327,
        "std": 0.06176066410307238,
        "mse": 337.97746959743506,
        "ci_95_lower": -0.310062893081761,
        "ci_95_upper": -0.1978021978021978,
        "bias_pvalue": 3.761987605744551e-06,
        "mean_acceptance": 0.31073333333333336,
        "energies": [
          -0.1978021978021978,
          -0.29855643044619423,
          -0.310062893081761
        ]
      },
      "ancilla_galton": {
        "name": "C: Ancilla+Galton",
        "mean_energy": -1.2703227303346323,
        "bias": 17.38254425670979,
        "variance": 0.001087070181375538,
        "std": 0.03297074735846214,
        "mse": 302.1539319066558,
        "ci_95_lower": -1.3044263775971092,
        "ci_95_upper": -1.238615664845173,
        "bias_pvalue": 1.1992476042655228e-06,
        "mean_acceptance": 0.22463333333333332,
        "energies": [
          -1.238615664845173,
          -1.3044263775971092,
          -1.2679261485616145
        ]
      }
    }
  }
}