{
  "experiment": "bias_study",
  "timestamp": "20260304_202454",
  "n_qubits": 8,
  "shots_per_trial": 100000,
  "n_trials": 15,
  "j_coupling": 1.0,
  "h_field": 3.04,
  "exact_energy": -24.89848442198773,
  "noise_model": "IBM Heron-class (T1=300\u00b5s, T2=150\u00b5s, dep_1q=1e-3, dep_2q=1e-2)",
  "results": {
    "3": {
      "raw": {
        "name": "A: Raw",
        "mean_energy": 0.15728,
        "bias": 25.055764421987732,
        "variance": 0.2977657882285714,
        "std": 0.5456791990066796,
        "mse": 628.0890965583749,
        "ci_95_lower": -0.10166753333333332,
        "ci_95_upper": 0.42303043333333323,
        "bias_pvalue": 6.958886587163827e-25,
        "mean_acceptance": 1.0,
        "energies": [
          -0.4447,
          0.70426,
          0.31218,
          0.0757,
          0.2406,
          -0.505,
          -0.55876,
          0.1082,
          0.59728,
          0.92206,
          0.01804,
          -0.0415,
          -0.62394,
          1.16408,
          0.3907
        ]
      },
      "ancilla": {
        "name": "B: Ancilla",
        "mean_energy": -0.2973001039702068,
        "bias": 24.601184318017523,
        "variance": 5.0114527184852496e-05,
        "std": 0.007079161474698292,
        "mse": 605.2183199635986,
        "ci_95_lower": -0.30075332169629876,
        "ci_95_upper": -0.29393995244671806,
        "bias_pvalue": 3.449417871465651e-51,
        "mean_acceptance": 0.3753140000000001,
        "energies": [
          -0.31018971767258485,
          -0.2837417192114295,
          -0.29149873215000666,
          -0.3089693947912799,
          -0.29828022930275966,
          -0.2972771552527215,
          -0.30038490323960226,
          -0.29260518487037823,
          -0.30016831868337385,
          -0.29583156103785624,
          -0.292979502391833,
          -0.29106321915442057,
          -0.29950917626973966,
          -0.30456635653940756,
          -0.2924363889857093
        ]
      },
      "ancilla_galton": {
        "name": "C: Ancilla+Galton",
        "mean_energy": -1.959045782876186,
        "bias": 22.939438639111547,
        "variance": 0.00012607372191011723,
        "std": 0.011228255514999523,
        "mse": 526.2179711512857,
        "ci_95_lower": -1.9643026403454935,
        "ci_95_upper": -1.9534009914385213,
        "bias_pvalue": 5.855947242711223e-48,
        "mean_acceptance": 0.22067333333333336,
        "energies": [
          -1.964155937373828,
          -1.9380185898889142,
          -1.9606744133059923,
          -1.9754534789278946,
          -1.9670911497558081,
          -1.9704710144927535,
          -1.972660692353182,
          -1.943783637103704,
          -1.9584751531654188,
          -1.958291866461594,
          -1.9434320596879946,
          -1.9612676056338028,
          -1.9486462093862815,
          -1.9661155523255813,
          -1.9571493832800366
        ]
      }
    },
    "4": {
      "raw": {
        "name": "A: Raw",
        "mean_energy": -0.10838933333333335,
        "bias": 24.790095088654397,
        "variance": 0.20750002450666663,
        "std": 0.4555217058567754,
        "mse": 614.7563145290335,
        "ci_95_lower": -0.3416001000000001,
        "ci_95_upper": 0.10441136666666662,
        "bias_pvalue": 6.452368014736944e-26,
        "mean_acceptance": 1.0,
        "energies": [
          -0.55732,
          -1.17202,
          -0.31566,
          0.02504,
          0.25026,
          0.0111,
          0.15394,
          0.55434,
          -0.3007,
          0.17844,
          -0.21538,
          -0.45906,
          0.43492,
          0.28784,
          -0.50158
        ]
      },
      "ancilla": {
        "name": "B: Ancilla",
        "mean_energy": -0.3628669302871406,
        "bias": 24.53561749170059,
        "variance": 9.951726973454005e-05,
        "std": 0.00997583428764432,
        "mse": 601.9966252163138,
        "ci_95_lower": -0.3679093825098741,
        "ci_95_upper": -0.35802653304975285,
        "bias_pvalue": 4.360292370256979e-49,
        "mean_acceptance": 0.39949,
        "energies": [
          -0.3470622047834454,
          -0.35728452712711206,
          -0.3579183354744452,
          -0.3691308816525031,
          -0.35380989393977386,
          -0.3668569719029693,
          -0.3747466913512296,
          -0.3520280420630946,
          -0.38125391064948067,
          -0.35728692014641067,
          -0.36804507495723915,
          -0.35330593948449757,
          -0.3717996752841264,
          -0.37338044758539457,
          -0.3590944379053868
        ]
      },
      "ancilla_galton": {
        "name": "C: Ancilla+Galton",
        "mean_energy": -1.9902456816134548,
        "bias": 22.908238740374276,
        "variance": 0.00014982223921369866,
        "std": 0.012240189508896448,
        "mse": 524.787552008224,
        "ci_95_lower": -1.9962751787115527,
        "ci_95_upper": -1.9843346016966512,
        "bias_pvalue": 1.9977180581117395e-47,
        "mean_acceptance": 0.23822533333333332,
        "energies": [
          -1.971210019753709,
          -1.9727593744745249,
          -1.9953928737478337,
          -1.9959599360323206,
          -1.976984027166394,
          -1.9825409392058002,
          -2.0054067647428644,
          -1.9885752688172043,
          -2.001505142570449,
          -1.9990768714333669,
          -2.008347103936274,
          -1.9876325829036179,
          -2.0038147138964577,
          -1.9872792702318185,
          -1.977200335289187
        ]
      }
    },
    "5": {
      "raw": {
        "name": "A: Raw",
        "mean_energy": -0.28912533333333335,
        "bias": 24.609359088654397,
        "variance": 0.3339320628266667,
        "std": 0.5778685515120776,
        "mse": 605.9544868171635,
        "ci_95_lower": -0.5607723333333334,
        "ci_95_upper": -0.005595333333333565,
        "bias_pvalue": 1.99581840675797e-24,
        "mean_acceptance": 1.0,
        "energies": [
          -0.2268,
          -0.23732,
          0.50904,
          -1.0513,
          -0.30636,
          -0.87342,
          -0.777,
          0.27228,
          0.30036,
          0.81828,
          -0.75756,
          0.02498,
          -0.38716,
          -0.61606,
          -1.02884
        ]
      },
      "ancilla": {
        "name": "B: Ancilla",
        "mean_energy": -0.42097945269764697,
        "bias": 24.477504969290084,
        "variance": 0.0001409890786149317,
        "std": 0.011873882204861715,
        "mse": 599.1483905106994,
        "ci_95_lower": -0.4269300639677402,
        "ci_95_upper": -0.4153364310666503,
        "bias_pvalue": 5.163478739135926e-48,
        "mean_acceptance": 0.42520133333333343,
        "energies": [
          -0.41750405949215164,
          -0.42514913583740066,
          -0.4387046668706314,
          -0.4136365785616341,
          -0.41893255131964807,
          -0.4312197869244849,
          -0.4473341077736422,
          -0.4165904453669176,
          -0.4174450419850929,
          -0.4213677019508416,
          -0.40841222740332533,
          -0.410099967146947,
          -0.4206384628033168,
          -0.4003736571695469,
          -0.42728339985912184
        ]
      },
      "ancilla_galton": {
        "name": "C: Ancilla+Galton",
        "mean_energy": -2.948585169049678,
        "bias": 21.949899252938053,
        "variance": 0.00022528272649570682,
        "std": 0.015009421257853576,
        "mse": 481.798302496857,
        "ci_95_lower": -2.9560516919432756,
        "ci_95_upper": -2.9415306268654198,
        "bias_pvalue": 6.3157270143988984e-46,
        "mean_acceptance": 0.15214866666666665,