{
  "experiment": "cross_algorithm",
  "timestamp": "20260305_083242",
  "n_qubits_vqe_qaoa": 8,
  "n_qubits_grover": 3,
  "shots": 1000,
  "n_trials": 2,
  "n_layers": 3,
  "noise": "depol_1q=1e-3, depol_2q=1e-2",
  "qaoa_graph": {
    "n_nodes": 8,
    "edges": [
      [
        0,
        1
      ],
      [
        0,
        5
      ],
      [
        0,
        6
      ],
      [
        1,
        3
      ],
      [
        1,
        4
      ],
      [
        1,
        7
      ],
      [
        2,
        4
      ],
      [
        3,
        4
      ],
      [
        3,
        5
      ],
      [
        3,
        6
      ],
      [
        4,
        7
      ],
      [
        5,
        6
      ]
    ],
    "best_cut": 10
  },
  "grover_target": "101",
  "results": {
    "vqe": {
      "raw": {
        "name": "A: Raw",
        "mean_value": 0.248,
        "bias": 25.146484421987733,
        "variance": 1.137032,
        "std": 1.0663170260293138,
        "mse": 633.4827107852717,
        "ci_95_lower": -0.506,
        "ci_95_upper": 1.002,
        "bias_pvalue": 0.01908288749439358,
        "mean_acceptance": 1.0,
        "values": [
          1.002,
          -0.506
        ]
      },
      "ancilla": {
        "name": "B: Ancilla",
        "mean_value": -0.32540401324540796,
        "bias": 24.573080408742324,
        "variance": 0.04241545536971546,
        "std": 0.20595012835566637,
        "mse": 603.8786962298856,
        "ci_95_lower": -0.47103274559193953,
        "ci_95_upper": -0.1797752808988764,
        "bias_pvalue": 0.003772788903131276,
        "mean_acceptance": 0.3765,
        "values": [
          -0.47103274559193953,
          -0.1797752808988764
        ]
      },
      "ancilla_galton": {
        "name": "C: Ancilla+Galton",
        "mean_value": -1.9487169125075772,
        "bias": 22.949767509480154,
        "variance": 6.323542362854543e-06,
        "std": 0.002514665457442509,
        "mse": 526.6918350627333,
        "ci_95_lower": -1.9504950495049505,
        "ci_95_upper": -1.9469387755102041,
        "bias_pvalue": 4.9324995025475443e-05,
        "mean_acceptance": 0.2235,
        "values": [
          -1.9469387755102041,
          -1.9504950495049505
        ]
      }
    },
    "qaoa": {
      "raw": {
        "name": "A: Raw",
        "mean_value": 0.561,
        "bias": -0.43899999999999995,
        "variance": 2.4199999999999557e-06,
        "std": 0.0015556349186103902,
        "mse": 0.19272341999999995,
        "ci_95_lower": 0.5599000000000001,
        "ci_95_upper": 0.5621,
        "bias_pvalue": 0.0015951714898300921,
        "mean_acceptance": 1.0,
        "values": [
          0.5621,
          0.5599000000000001
        ]
      },
      "ancilla": {
        "name": "B: Ancilla",
        "mean_value": 0.599091701023573,
        "bias": -0.400908298976427,
        "variance": 1.0661661615620819e-05,
        "std": 0.0032652199949805556,
        "mse": 0.16073812584978778,
        "ci_95_lower": 0.5967828418230563,
        "ci_95_upper": 0.6014005602240896,
        "bias_pvalue": 0.0036662976856490794,
        "mean_acceptance": 0.365,
        "values": [
          0.6014005602240896,
          0.5967828418230563
        ]
      },
      "ancilla_galton": {
        "name": "C: Ancilla+Galton",
        "mean_value": 0.6889763779527553,
        "bias": -0.31102362204724465,
        "variance": 4.464008928018826e-05,
        "std": 0.0066813239167240095,
        "mse": 0.09678033356066748,
        "ci_95_lower": 0.6842519685039359,
        "ci_95_upper": 0.6937007874015747,
        "bias_pvalue": 0.00966943012009859,
        "mean_acceptance": 0.254,
        "values": [
          0.6842519685039359,
          0.6937007874015747
        ]
      }
    },
    "grover": {
      "raw": {
        "name": "A: Raw",
        "mean_value": 0.2485,
        "bias": -0.7515000000000001,
        "variance": 0.00014450000000000026,
        "std": 0.012020815280171319,
        "mse": 0.5648967500000001,
        "ci_95_lower": 0.24,
        "ci_95_upper": 0.257,
        "bias_pvalue": 0.007200315800868312,
        "mean_acceptance": 1.0,
        "values": [
          0.257,
          0.24
        ]
      },
      "ancilla": {
        "name": "B: Ancilla",
        "mean_value": 0.2589476495726496,
        "bias": -0.7410523504273504,
        "variance": 0.003231702062331068,
        "std": 0.05684806120116207,
        "mse": 0.5523902881362316,
        "ci_95_lower": 0.21875,
        "ci_95_upper": 0.29914529914529914,
        "bias_pvalue": 0.03449899772971092,
        "mean_acceptance": 0.10650000000000001,
        "values": [
          0.21875,
          0.29914529914529914
        ]
      },
      "ancilla_galton": {
        "name": "C: Ancilla+Galton",
        "mean_value": 0.2787037037037037,
        "bias": -0.7212962962962963,
        "variance": 0.004116941015089162,
        "std": 0.06416339310766819,
        "mse": 0.5243852880658437,
        "ci_95_lower": 0.23333333333333334,
        "ci_95_upper": 0.32407407407407407,
        "bias_pvalue": 0.039991431947805495,
        "mean_acceptance": 0.099,
        "values": [
          0.23333333333333334,
          0.32407407407407407
        ]
      }
    }
  }
}