{
  "experiment": "cross_algorithm",
  "timestamp": "20260304_210154",
  "n_qubits_vqe_qaoa": 8,
  "n_qubits_grover": 3,
  "shots": 1000,
  "n_trials": 2,
  "n_layers": 3,
  "noise": "depol_1q=1e-3, depol_2q=1e-2",
  "qaoa_graph": {
    "n_nodes": 8,
    "edges": [
      [
        0,
        1
      ],
      [
        0,
        5
      ],
      [
        0,
        6
      ],
      [
        1,
        3
      ],
      [
        1,
        4
      ],
      [
        1,
        7
      ],
      [
        2,
        4
      ],
      [
        3,
        4
      ],
      [
        3,
        5
      ],
      [
        3,
        6
      ],
      [
        4,
        7
      ],
      [
        5,
        6
      ]
    ],
    "best_cut": 10
  },
  "grover_target": "101",
  "results": {
    "vqe": {
      "raw": {
        "name": "A: Raw",
        "mean_value": 0.259,
        "bias": 25.157484421987732,
        "variance": 0.791282,
        "std": 0.8895403307326768,
        "mse": 633.6903044425554,
        "ci_95_lower": -0.37,
        "ci_95_upper": 0.888,
        "bias_pvalue": 0.015913770271533605,
        "mean_acceptance": 1.0,
        "values": [
          0.888,
          -0.37
        ]
      },
      "ancilla": {
        "name": "B: Ancilla",
        "mean_value": -0.26225289071242075,
        "bias": 24.63623153127531,
        "variance": 0.08414025174181501,
        "std": 0.2900693912528777,
        "mse": 607.0280443143456,
        "ci_95_lower": -0.46736292428198434,
        "ci_95_upper": -0.05714285714285714,
        "bias_pvalue": 0.005300083572878844,
        "mean_acceptance": 0.3665,
        "values": [
          -0.05714285714285714,
          -0.46736292428198434
        ]
      },
      "ancilla_galton": {
        "name": "C: Ancilla+Galton",
        "mean_value": -2.06152414194299,
        "bias": 22.836960280044742,
        "variance": 0.03358556515635912,
        "std": 0.1832636493043809,
        "mse": 521.5603403974976,
        "ci_95_lower": -2.1911111111111112,
        "ci_95_upper": -1.931937172774869,
        "bias_pvalue": 0.0036124221597153366,
        "mean_acceptance": 0.20800000000000002,
        "values": [
          -1.931937172774869,
          -2.1911111111111112
        ]
      }
    },
    "qaoa": {
      "raw": {
        "name": "A: Raw",
        "mean_value": 0.5629,
        "bias": -0.43710000000000004,
        "variance": 1.3519999999999908e-05,
        "std": 0.003676955262170035,
        "mse": 0.19106993000000003,
        "ci_95_lower": 0.5603,
        "ci_95_upper": 0.5655,
        "bias_pvalue": 0.003786757920121707,
        "mean_acceptance": 1.0,
        "values": [
          0.5655,
          0.5603
        ]
      },
      "ancilla": {
        "name": "B: Ancilla",
        "mean_value": 0.6017947348290007,
        "bias": -0.3982052651709993,
        "variance": 7.186110452145981e-05,
        "std": 0.008477092928679018,
        "mse": 0.15863929431442733,
        "ci_95_lower": 0.5958005249343832,
        "ci_95_upper": 0.6077889447236181,
        "bias_pvalue": 0.009582355334157008,
        "mean_acceptance": 0.3895,
        "values": [
          0.6077889447236181,
          0.5958005249343832
        ]
      },
      "ancilla_galton": {
        "name": "C: Ancilla+Galton",
        "mean_value": 0.6835314685314674,
        "bias": -0.3164685314685326,
        "variance": 2.494253997750247e-05,
        "std": 0.00499425069229634,
        "mse": 0.10017727394982712,
        "ci_95_lower": 0.679999999999999,
        "ci_95_upper": 0.6870629370629358,
        "bias_pvalue": 0.007103737523313795,
        "mean_acceptance": 0.27549999999999997,
        "values": [
          0.6870629370629358,
          0.679999999999999
        ]
      }
    },
    "grover": {
      "raw": {
        "name": "A: Raw",
        "mean_value": 0.237,
        "bias": -0.763,
        "variance": 2.0000000000000037e-06,
        "std": 0.0014142135623730963,
        "mse": 0.582171,
        "ci_95_lower": 0.236,
        "ci_95_upper": 0.238,
        "bias_pvalue": 0.0008343635751738766,
        "mean_acceptance": 1.0,
        "values": [
          0.236,
          0.238
        ]
      },
      "ancilla": {
        "name": "B: Ancilla",
        "mean_value": 0.23487348734873487,
        "bias": -0.7651265126512652,
        "variance": 0.0003201090186026306,
        "std": 0.01789159072309197,
        "mse": 0.5857386893804892,
        "ci_95_lower": 0.2222222222222222,
        "ci_95_upper": 0.24752475247524752,
        "bias_pvalue": 0.010525464109927296,
        "mean_acceptance": 0.1,
        "values": [
          0.2222222222222222,
          0.24752475247524752
        ]
      },
      "ancilla_galton": {
        "name": "C: Ancilla+Galton",
        "mean_value": 0.2611111111111111,
        "bias": -0.7388888888888889,
        "variance": 0.0005555555555555563,
        "std": 0.0235702260395516,
        "mse": 0.5465123456790124,
        "ci_95_lower": 0.24444444444444444,
        "ci_95_upper": 0.2777777777777778,
        "bias_pvalue": 0.014357409847221472,
        "mean_acceptance": 0.09,
        "values": [
          0.24444444444444444,
          0.2777777777777778
        ]
      }
    }
  }
}