{
  "experiment": "cross_algorithm",
  "timestamp": "20260306_174443",
  "n_qubits_vqe_qaoa": 8,
  "n_qubits_grover": 3,
  "shots": 100000,
  "n_trials": 15,
  "n_layers": 3,
  "noise": "depol_1q=1e-3, depol_2q=1e-2",
  "qaoa_graph": {
    "n_nodes": 8,
    "edges": [
      [
        0,
        1
      ],
      [
        0,
        5
      ],
      [
        0,
        6
      ],
      [
        1,
        3
      ],
      [
        1,
        4
      ],
      [
        1,
        7
      ],
      [
        2,
        4
      ],
      [
        3,
        4
      ],
      [
        3,
        5
      ],
      [
        3,
        6
      ],
      [
        4,
        7
      ],
      [
        5,
        6
      ]
    ],
    "best_cut": 10
  },
  "grover_target": "101",
  "results": {
    "vqe": {
      "raw": {
        "name": "A: Raw",
        "mean_value": -0.060334666666666655,
        "bias": 24.838149755321066,
        "variance": 0.31264044688380954,
        "std": 0.5591425997755936,
        "mse": 617.2463237146397,
        "ci_95_lower": -0.32732633333333333,
        "ci_95_upper": 0.21784356666666657,
        "bias_pvalue": 1.105818453367344e-24,
        "mean_acceptance": 1.0,
        "values": [
          0.92564,
          -0.4077,
          0.2065,
          -0.92808,
          0.00102,
          -0.70894,
          0.02058,
          -0.48484,
          -0.65766,
          0.93954,
          0.42714,
          -0.38196,
          0.298,
          -0.18244,
          0.02818
        ]
      },
      "ancilla": {
        "name": "B: Ancilla",
        "mean_value": -0.30211055945610205,
        "bias": 24.596373862531628,
        "variance": 0.00023729671040113493,
        "std": 0.015404438009909188,
        "mse": 604.9818444821395,
        "ci_95_lower": -0.30957500718624203,
        "ci_95_upper": -0.29461587930675326,
        "bias_pvalue": 1.84599515858975e-46,
        "mean_acceptance": 0.3752019999999999,
        "values": [
          -0.3018065887353879,
          -0.3147539244802715,
          -0.2831467217237089,
          -0.2927094668117519,
          -0.32339449541284404,
          -0.29527611443779106,
          -0.29706086307142476,
          -0.31129785247432307,
          -0.32000532410488486,
          -0.3174428881330512,
          -0.2981087723047334,
          -0.27966619714566665,
          -0.32350107066381156,
          -0.27968365929250827,
          -0.29380445304937075
        ]
      },
      "ancilla_galton": {
        "name": "C: Ancilla+Galton",
        "mean_value": -1.960281434537657,
        "bias": 22.938202987450076,
        "variance": 0.00026422817346656666,
        "std": 0.01625509684580706,
        "mse": 526.1614205216371,
        "ci_95_lower": -1.968124055664098,
        "ci_95_upper": -1.9520349161091215,
        "bias_pvalue": 1.0408923481740915e-45,
        "mean_acceptance": 0.22074266666666667,
        "values": [
          -1.9449108786423024,
          -1.9592084551382956,
          -1.9427252985884909,
          -1.9795695995641513,
          -1.9726775956284153,
          -1.979305953517988,
          -1.9562814298011144,
          -1.965451491351523,
          -1.9826004428978172,
          -1.9769443312044208,
          -1.9542365201631173,
          -1.9299633765881448,
          -1.9634179387589197,
          -1.9384003292632734,
          -1.95852787695688
        ]
      }
    },
    "qaoa": {
      "raw": {
        "name": "A: Raw",
        "mean_value": 0.556082,
        "bias": -0.44391800000000003,
        "variance": 3.313637142857047e-07,
        "std": 0.0005756420018429029,
        "mse": 0.1970635220877143,
        "ci_95_lower": 0.5558111899999998,
        "ci_95_upper": 0.5563762666666666,
        "bias_pvalue": 4.912203818205193e-42,
        "mean_acceptance": 1.0,
        "values": [
          0.5557529999999999,
          0.556117,
          0.557006,
          0.555833,
          0.555676,
          0.555537,
          0.556989,
          0.556889,
          0.555991,
          0.555725,
          0.5562199999999999,
          0.5552710000000001,
          0.555841,
          0.555565,
          0.556817
        ]
      },
      "ancilla": {
        "name": "B: Ancilla",
        "mean_value": 0.5923419175216104,
        "bias": -0.40765808247838964,
        "variance": 4.800976720417857e-07,
        "std": 0.0006928908081666156,
        "mse": 0.16618559230762955,
        "ci_95_lower": 0.5919912485371402,
        "ci_95_upper": 0.5926681531255793,
        "bias_pvalue": 2.1703985452096168e-40,
        "mean_acceptance": 0.3806399999999999,
        "values": [
          0.5923026159491065,
          0.5919100888108774,
          0.5928369860484743,
          0.5922703539474721,
          0.5923713378779205,
          0.5926233807101274,
          0.5925804934141752,
          0.5919457252008958,
          0.5923989627805862,
          0.5930946560471047,
          0.5935752198368058,
          0.5906427818756586,
          0.5913990916012497,
          0.5926063140067216,
          0.5925707547169812
        ]
      },
      "ancilla_galton": {
        "name": "C: Ancilla+Galton",
        "mean_value": 0.6825089307543204,
        "bias": -0.3174910692456796,
        "variance": 5.617865532830109e-07,
        "std": 0.0007495242179429634,
        "mse": 0.1008011408373182,
        "ci_95_lower": 0.682133706047194,
        "ci_95_upper": 0.6828707861188241,
        "bias_pvalue": 2.1583811613927964e-38,
        "mean_acceptance": 0.25751199999999996,
        "values": [
          0.6815300759198591,
          0.6821533694810745,
          0.6813984220141328,
          0.6825988964017173,
          0.6828248674403354,
          0.6817929010081814,
          0.6827313115704644,
          0.6832115647588292,
          0.681255320795707,
          0.683069785424377,
          0.6835244111684197,
          0.683157191686717,
          0.6835175957646579,
          0.6825271548020182,
          0.6823410930783151
        ]
      }
    },
    "grover": {
      "raw": {
        "name": "A: Raw",
        "mean_value": 0.24296400000000004,
        "bias": -0.7570359999999999,
        "variance": 1.423997142857143e-06,
        "std": 0.0011933135140679263,
        "mse": 0.5731049292931427,
        "ci_95_lower": 0.24239729999999998,
        "ci_95_upper": 0.2435627,
        "bias_pvalue": 7.556323436309583e-41,
        "mean_acceptance": 1.0,
        "values": [
          0.24227,
          0.24218,
          0.24208,
          0.24142,
          0.24407,
          0.24236,
          0.242,
          0.2434,
          0.24303,
          0.24495,
          0.24138,
          0.24539,
          0.2437,
          0.24298,
          0.24325
        ]
      },
      "ancilla": {
        "name": "B: Ancilla",
        "mean_value": 0.30960297185510677,
        "bias": -0.6903970281448932,
        "variance": 0.002118325463974137,
        "std": 0.04602526984140491,
        "mse": 0.4787663819352746,
        "ci_95_lower": 0.2892666877358025,
        "ci_95_upper": 0.33419737675533473,
        "bias_pvalue": 4.306765584797785e-18,
        "mean_acceptance": 0.11325599999999998,
        "values": [
          0.24836479162773314,
          0.3197248919848338,
          0.4312086910278812,
          0.2812215960734412,
          0.2851875748916951,
          0.2804401200327362,
          0.2886722376973073,
          0.2766189007799746,
          0.3316625605301164,
          0.2909287062842758,
          0.36016146305296975,
          0.3518280674715301,
          0.32378816629291013,
          0.3077472969350371,
          0.2664895131441587
        ]
      },
      "ancilla_galton": {
        "name": "C: Ancilla+Galton",
        "mean_value": 0.3434269616057243,
        "bias": -0.6565730383942757,
        "variance": 0.0023207808211166323,
        "std": 0.048174483091327845,
        "mse": 0.4334089355674077,
        "ci_95_lower": 0.3219300329355352,