{
  "experiment": "noise_sweep",
  "timestamp": "20260304_221252",
  "n_qubits": 8,
  "shots": 100000,
  "n_trials": 15,
  "n_layers": 3,
  "exact_energy": -24.89848442198773,
  "noise_levels": [
    0.0,
    0.0001,
    0.0005,
    0.001,
    0.005,
    0.01,
    0.05
  ],
  "results": {
    "ideal": {
      "raw": {
        "name": "A: Raw",
        "mean_value": -0.02907333333333334,
        "bias": 24.8694110886544,
        "variance": 0.38271367266666667,
        "std": 0.6186385638372915,
        "mse": 618.870321569153,
        "ci_95_lower": -0.32488986666666664,
        "ci_95_upper": 0.27734546666666665,
        "bias_pvalue": 4.472394068349197e-24,
        "mean_acceptance": 1.0,
        "values": [
          1.05048,
          -0.42266,
          0.27882,
          -0.992,
          0.06376,
          -0.71436,
          0.02356,
          -0.53878,
          -0.69048,
          1.07446,
          0.502,
          -0.3884,
          0.39916,
          -0.15208,
          0.07042
        ]
      },
      "ancilla": {
        "name": "B: Ancilla",
        "mean_value": -1.591821194004112,
        "bias": 23.30666322798362,
        "variance": 0.03954093610003416,
        "std": 0.1988490284110892,
        "mse": 543.2400917587439,
        "ci_95_lower": -1.6952849227131337,
        "ci_95_upper": -1.5036240018907052,
        "bias_pvalue": 1.3989376732935879e-30,
        "mean_acceptance": 0.16014933333333334,
        "values": [
          -1.445889101338432,
          -1.4279481755684822,
          -1.4429220820795186,
          -2.0174211827114354,
          -1.3570601457666371,
          -1.6925807810337565,
          -1.4331910490234123,
          -1.6917692493362297,
          -1.6819676123219287,
          -1.995604134489723,
          -1.541487438439,
          -1.6323156751538554,
          -1.5560963434419068,
          -1.468063872255489,
          -1.4930010671018767
        ]
      },
      "ancilla_galton": {
        "name": "C: Ancilla+Galton",
        "mean_value": -1.7831027563318451,
        "bias": 23.115381665655885,
        "variance": 0.10685258848618574,
        "std": 0.32688314194247725,
        "mse": 534.4277221374264,
        "ci_95_lower": -1.9488584320137368,
        "ci_95_upper": -1.6327352909890527,
        "bias_pvalue": 1.6509474251891385e-27,
        "mean_acceptance": 0.15344866666666668,
        "values": [
          -1.5226625226625226,
          -1.4556861183031269,
          -1.5724246809630311,
          -2.406139777922926,
          -1.3914532255855363,
          -2.037929905011464,
          -1.5278143949380438,
          -1.9892165778874886,
          -2.02489134729356,
          -2.382803449607414,
          -1.6761520220470423,
          -1.957566261914088,
          -1.6411167512690354,
          -1.5811889406806718,
          -1.579495368891728
        ]
      }
    },
    "depol_1q=1e-04": {
      "raw": {
        "name": "A: Raw",
        "mean_value": 0.16553066666666666,
        "bias": 25.064015088654397,
        "variance": 0.36016830787809523,
        "std": 0.6001402401756569,
        "mse": 628.5650206721734,
        "ci_95_lower": -0.12491479999999998,
        "ci_95_upper": 0.4625533666666666,
        "bias_pvalue": 2.622343361693123e-24,
        "mean_acceptance": 1.0,
        "values": [
          0.56372,
          -0.47494,
          -0.45526,
          0.28764,
          0.12182,
          0.15854,
          0.44654,
          0.00132,
          0.93056,
          0.31082,
          1.07508,
          -0.83002,
          -0.33128,
          -0.44612,
          1.12454
        ]
      },
      "ancilla": {
        "name": "B: Ancilla",
        "mean_value": -0.8990147475441501,
        "bias": 23.99946967444358,
        "variance": 0.0005787844454280164,
        "std": 0.02405793934292828,
        "mse": 575.9751234389826,
        "ci_95_lower": -0.910619378150502,
        "ci_95_upper": -0.8870965370636756,
        "bias_pvalue": 1.3371404611675895e-43,
        "mean_acceptance": 0.23267866666666667,
        "values": [
          -0.8995689655172414,
          -0.8948587110329745,
          -0.9241861669976686,
          -0.9270203525504556,
          -0.9257825937392501,
          -0.8584329577707062,
          -0.9184412449349082,
          -0.9146680347142063,
          -0.8638275950888641,
          -0.871653135256521,
          -0.9108241876479449,
          -0.8910882604970009,
          -0.8792637405071437,
          -0.9259736356219674,
          -0.8796316312853992
        ]
      },
      "ancilla_galton": {
        "name": "C: Ancilla+Galton",
        "mean_value": -2.2488469070472776,
        "bias": 22.649637514940455,
        "variance": 0.00045991290428766356,
        "std": 0.021445580064145237,
        "mse": 513.0065394711023,
        "ci_95_lower": -2.259283684918432,
        "ci_95_upper": -2.238412254727973,
        "bias_pvalue": 6.015254058192176e-44,
        "mean_acceptance": 0.1556886666666667,
        "values": [
          -2.274110366168128,
          -2.2191842223218288,
          -2.2590361445783134,
          -2.2693455214879705,
          -2.246033776867963,
          -2.2243656136716727,
          -2.2590500641848523,
          -2.2484763839512443,
          -2.2214419174022293,
          -2.2138295813713476,
          -2.282434872323962,
          -2.2423620025673943,
          -2.2604119584167366,
          -2.26840490797546,
          -2.2442162724200676
        ]
      }
    },
    "depol_1q=5e-04": {
      "raw": {
        "name": "A: Raw",
        "mean_value": 0.023694666666666652,
        "bias": 24.9221790886544,
        "variance": 0.4843908672838095,
        "std": 0.695981944653602,
        "mse": 621.5994013942463,
        "ci_95_lower": -0.32245286666666667,
        "ci_95_upper": 0.36484009999999995,
        "bias_pvalue": 2.256724120969037e-23,
        "mean_acceptance": 1.0,
        "values": [
          -0.68442,
          -0.33762,
          0.75278,
          0.11124,
          0.90212,
          -0.24614,
          1.14782,
          -0.61922,
          -0.76258,
          -0.54508,
          -1.1165,
          0.3194,
          0.53298,
          0.18934,
          0.7113
        ]
      },
      "ancilla": {
        "name": "B: Ancilla",
        "mean_value": -0.5138328124980557,
        "bias": 24.384651609489676,
        "variance": 0.00020361425257998968,
        "std": 0.014269346606624624,
        "mse": 594.61143773044,
        "ci_95_lower": -0.5209020993122284,
        "ci_95_upper": -0.5069837195376545,
        "bias_pvalue": 7.135251990135997e-47,
        "mean_acceptance": 0.3113846666666667,
        "values": [
          -0.5349866854887869,
          -0.5177369238736406,
          -0.49846153846153846,
          -0.5235375284792864,
          -0.4945899680242886,
          -0.4986215297813682,
          -0.5296214942858053,
          -0.5254661574504959,
          -0.5074751901018173,
          -0.49702371376170407,
          -0.5345891834841846,
          -0.5196157441733019,
          -0.4977307110438729,
          -0.5175211627535538,
          -0.5105146563071885
        ]
      },
      "ancilla_galton": {
        "name": "C: Ancilla+Galton",
        "mean_value": -2.0668282536332487,
        "bias": 22.831656168354485,
        "variance": 0.00015404992392394312,
        "std": 0.012411684975213604,
        "mse": 521.2846774398834,
        "ci_95_lower": -2.072759722386799,
        "ci_95_upper": -2.0606038339812645,
        "bias_pvalue": 2.543844668892038e-47,
        "mean_acceptance": 0.19208333333333333,