{
  "experiment": "noise_sweep",
  "timestamp": "20260304_210141",
  "n_qubits": 8,
  "shots": 1000,
  "n_trials": 2,
  "n_layers": 3,
  "exact_energy": -24.89848442198773,
  "noise_levels": [
    0.0,
    0.001,
    0.01
  ],
  "results": {
    "ideal": {
      "raw": {
        "name": "A: Raw",
        "mean_value": 0.359,
        "bias": 25.257484421987733,
        "variance": 1.2136819999999997,
        "std": 1.1016723650886409,
        "mse": 639.154201326953,
        "ci_95_lower": -0.42,
        "ci_95_upper": 1.138,
        "bias_pvalue": 0.01962862310181941,
        "mean_acceptance": 1.0,
        "values": [
          1.138,
          -0.42
        ]
      },
      "ancilla": {
        "name": "B: Ancilla",
        "mean_value": -1.4673425545547054,
        "bias": 23.431141867433027,
        "variance": 0.0017372838712808667,
        "std": 0.04168073741287295,
        "mse": 549.0201464956442,
        "ci_95_lower": -1.4968152866242037,
        "ci_95_upper": -1.4378698224852071,
        "bias_pvalue": 0.0008007682336569086,
        "mean_acceptance": 0.163,
        "values": [
          -1.4378698224852071,
          -1.4968152866242037
        ]
      },
      "ancilla_galton": {
        "name": "C: Ancilla+Galton",
        "mean_value": -1.7005735492577596,
        "bias": 23.19791087272997,
        "variance": 0.006235475731267344,
        "std": 0.07896502853331558,
        "mse": 538.1493043348546,
        "ci_95_lower": -1.7564102564102564,
        "ci_95_upper": -1.644736842105263,
        "bias_pvalue": 0.001532322602048127,
        "mean_acceptance": 0.154,
        "values": [
          -1.7564102564102564,
          -1.644736842105263
        ]
      }
    },
    "depol_1q=1e-03": {
      "raw": {
        "name": "A: Raw",
        "mean_value": 0.023999999999999994,
        "bias": 24.922484421987733,
        "variance": 0.449352,
        "std": 0.670337228564847,
        "mse": 621.5795817642212,
        "ci_95_lower": -0.45,
        "ci_95_upper": 0.498,
        "bias_pvalue": 0.012106393199903743,
        "mean_acceptance": 1.0,
        "values": [
          0.498,
          -0.45
        ]
      },
      "ancilla": {
        "name": "B: Ancilla",
        "mean_value": -0.26713408562894125,
        "bias": 24.63135033635879,
        "variance": 0.016767040936338594,
        "std": 0.12948760920002575,
        "mse": 606.7201864333786,
        "ci_95_lower": -0.358695652173913,
        "ci_95_upper": -0.17557251908396945,
        "bias_pvalue": 0.002366481511222722,
        "mean_acceptance": 0.3805,
        "values": [
          -0.17557251908396945,
          -0.358695652173913
        ]
      },
      "ancilla_galton": {
        "name": "C: Ancilla+Galton",
        "mean_value": -1.9248246844319774,
        "bias": 22.973659737555753,
        "variance": 0.023083862312611517,
        "std": 0.1519337431665906,
        "mse": 527.8121255993029,
        "ci_95_lower": -2.032258064516129,
        "ci_95_upper": -1.817391304347826,
        "bias_pvalue": 0.002977049203439755,
        "mean_acceptance": 0.2235,
        "values": [
          -1.817391304347826,
          -2.032258064516129
        ]
      }
    },
    "depol_1q=1e-02": {
      "raw": {
        "name": "A: Raw",
        "mean_value": -0.19499999999999998,
        "bias": 24.70348442198773,
        "variance": 0.09244999999999998,
        "std": 0.3040559159102154,
        "mse": 610.3545925873905,
        "ci_95_lower": -0.41,
        "ci_95_upper": 0.02,
        "bias_pvalue": 0.005540505663278296,
        "mean_acceptance": 1.0,
        "values": [
          -0.41,
          0.02
        ]
      },
      "ancilla": {
        "name": "B: Ancilla",
        "mean_value": -0.02787456445993032,
        "bias": 24.8706098575278,
        "variance": 0.04317225601325203,
        "std": 0.207779344529845,
        "mse": 618.5904069413722,
        "ci_95_lower": -0.17479674796747968,
        "ci_95_upper": 0.11904761904761904,
        "bias_pvalue": 0.0037607633882218994,
        "mean_acceptance": 0.498,
        "values": [
          -0.17479674796747968,
          0.11904761904761904
        ]
      },
      "ancilla_galton": {
        "name": "C: Ancilla+Galton",
        "mean_value": -2.6207638515330824,
        "bias": 22.277720570454647,
        "variance": 0.05525711099427316,
        "std": 0.2350683113358182,
        "mse": 496.3520909262524,
        "ci_95_lower": -2.78698224852071,
        "ci_95_upper": -2.4545454545454546,
        "bias_pvalue": 0.0047498555418732215,
        "mean_acceptance": 0.167,
        "values": [
          -2.78698224852071,
          -2.4545454545454546
        ]
      }
    }
  }
}