{
  "experiment": "qubit_scaling",
  "timestamp": "20260305_151411",
  "qubit_counts": [
    8,
    12,
    16
  ],
  "shots": 100000,
  "n_trials": 15,
  "n_layers": 3,
  "noise": "depol_1q=1e-3, depol_2q=1e-2",
  "results": {
    "8q": {
      "raw": {
        "name": "A: Raw",
        "mean_value": -0.09511333333333333,
        "bias": 24.803371088654398,
        "variance": 0.43625524095238094,
        "std": 0.6604962081286924,
        "mse": 615.6434726024493,
        "ci_95_lower": -0.40929329999999997,
        "ci_95_upper": 0.23440253333333327,
        "bias_pvalue": 1.1602023745024659e-23,
        "mean_acceptance": 1.0,
        "values": [
          -0.18852,
          -0.73396,
          -0.16236,
          -0.61778,
          0.028,
          0.83952,
          1.00782,
          0.04496,
          -0.27614,
          -1.33406,
          -0.6415,
          0.58894,
          -0.19404,
          0.76316,
          -0.55074
        ]
      },
      "ancilla": {
        "name": "B: Ancilla",
        "mean_value": -0.29652923932093084,
        "bias": 24.6019551826668,
        "variance": 0.00016341014401970424,
        "std": 0.012783197722780644,
        "mse": 605.2563622200898,
        "ci_95_lower": -0.3026202291969891,
        "ci_95_upper": -0.2903415901705825,
        "bias_pvalue": 1.35133313283229e-47,
        "mean_acceptance": 0.37529799999999996,
        "values": [
          -0.29523859937008706,
          -0.30606654671428957,
          -0.296914516944866,
          -0.28205402800460494,
          -0.2724365806864208,
          -0.3063310003459563,
          -0.2838192029954533,
          -0.30830970089357373,
          -0.28623941185871826,
          -0.3046013570822731,
          -0.29874833555259656,
          -0.3204948213292363,
          -0.2878526041528195,
          -0.3085350863128641,
          -0.290296797570203
        ]
      },
      "ancilla_galton": {
        "name": "C: Ancilla+Galton",
        "mean_value": -1.960015375498188,
        "bias": 22.938469046489544,
        "variance": 8.139349464309852e-05,
        "std": 0.009021834328067576,
        "mse": 526.1734435902536,
        "ci_95_lower": -1.9643157335072716,
        "ci_95_upper": -1.9555316200415294,
        "bias_pvalue": 2.7391147528383997e-49,
        "mean_acceptance": 0.22056666666666666,
        "values": [
          -1.9530653492027847,
          -1.9535074151578564,
          -1.9662635264162953,
          -1.9610223056840563,
          -1.9425056947608201,
          -1.9565961278703288,
          -1.9573048089230207,
          -1.9653194975423265,
          -1.9686746987951806,
          -1.9741607873095763,
          -1.963790831856799,
          -1.9534290699235002,
          -1.9470444464560515,
          -1.969360346005008,
          -1.9681857265692175
        ]
      }
    },
    "12q": {
      "raw": {
        "name": "A: Raw",
        "mean_value": -0.18227466666666667,
        "bias": 37.20744462864756,
        "variance": 0.5146147301980952,
        "std": 0.7173665243082473,
        "mse": 1384.908550524072,
        "ci_95_lower": -0.5619295666666667,
        "ci_95_upper": 0.14430696666666643,
        "bias_pvalue": 1.2646018446245612e-25,
        "mean_acceptance": 1.0,
        "values": [
          0.45222,
          0.10982,
          -1.99772,
          -0.392,
          0.43574,
          -0.57914,
          -0.23634,
          -0.72592,
          0.5769,
          0.6498,
          -0.7399,
          -0.15734,
          0.60792,
          -0.73274,
          -0.00542
        ]
      },
      "ancilla": {
        "name": "B: Ancilla",
        "mean_value": -0.3143718403720227,
        "bias": 37.0753474549422,
        "variance": 0.0003313467638139112,
        "std": 0.01820293283550514,
        "mse": 1374.5817202514527,
        "ci_95_lower": -0.3230283862313202,
        "ci_95_upper": -0.3050699687217378,
        "bias_pvalue": 6.111812911621027e-48,
        "mean_acceptance": 0.416736,
        "values": [
          -0.2671025431469641,
          -0.30991815117958593,
          -0.3393199233716475,
          -0.29790498106332997,
          -0.3177386982700946,
          -0.32374239180118847,
          -0.3095856167676185,
          -0.3218297404521772,
          -0.30401520436885027,
          -0.3162061954311685,
          -0.33489405413153056,
          -0.34110632978339783,
          -0.31393061087384233,
          -0.3066948928287907,
          -0.31158827211015355
        ]
      },
      "ancilla_galton": {
        "name": "C: Ancilla+Galton",
        "mean_value": -3.38550876801098,
        "bias": 34.00421052730324,
        "variance": 0.00023462752231155287,
        "std": 0.015317556016269464,
        "mse": 1156.286568212683,
        "ci_95_lower": -3.3931843121368988,
        "ci_95_upper": -3.377922185845302,
        "bias_pvalue": 1.8305397713128828e-48,
        "mean_acceptance": 0.15467933333333336,
        "values": [
          -3.360589462702139,
          -3.376442966151438,
          -3.3871050439018138,
          -3.4022822665267576,
          -3.390807549107716,
          -3.403926348880477,
          -3.379332727508763,
          -3.367433220165268,
          -3.374220374220374,
          -3.379514963880289,
          -3.405806369100908,
          -3.3928043687761003,
          -3.3641879679834754,
          -3.391552956465237,
          -3.406624934793949
        ]
      }
    }
  }
}