{
  "experiment": "qubit_scaling",
  "timestamp": "20260305_083216",
  "qubit_counts": [
    8,
    12,
    16
  ],
  "shots": 1000,
  "n_trials": 2,
  "n_layers": 3,
  "noise": "depol_1q=1e-3, depol_2q=1e-2",
  "results": {
    "8q": {
      "raw": {
        "name": "A: Raw",
        "mean_value": -0.5559999999999999,
        "bias": 24.34248442198773,
        "variance": 0.14579999999999999,
        "std": 0.38183766184073564,
        "mse": 592.7023478347154,
        "ci_95_lower": -0.826,
        "ci_95_upper": -0.286,
        "bias_pvalue": 0.0070609181542841265,
        "mean_acceptance": 1.0,
        "values": [
          -0.286,
          -0.826
        ]
      },
      "ancilla": {
        "name": "B: Ancilla",
        "mean_value": -0.28483566419869155,
        "bias": 24.61364875778904,
        "variance": 3.142898788458462e-06,
        "std": 0.0017728222664605896,
        "mse": 605.8317083147087,
        "ci_95_lower": -0.28608923884514437,
        "ci_95_upper": -0.2835820895522388,
        "bias_pvalue": 3.242308416902173e-05,
        "mean_acceptance": 0.358,
        "values": [
          -0.2835820895522388,
          -0.28608923884514437
        ]
      },
      "ancilla_galton": {
        "name": "C: Ancilla+Galton",
        "mean_value": -2.1309132044426162,
        "bias": 22.767571217545115,
        "variance": 0.007538566280429999,
        "std": 0.08682491739374129,
        "mse": 518.3698377122691,
        "ci_95_lower": -2.1923076923076925,
        "ci_95_upper": -2.06951871657754,
        "bias_pvalue": 0.0017166894870146291,
        "mean_acceptance": 0.1975,
        "values": [
          -2.06951871657754,
          -2.1923076923076925
        ]
      }
    },
    "12q": {
      "raw": {
        "name": "A: Raw",
        "mean_value": 0.23399999999999999,
        "bias": 37.623719295314224,
        "variance": 0.014792000000000003,
        "std": 0.12162236636408619,
        "mse": 1415.5590456126,
        "ci_95_lower": 0.148,
        "ci_95_upper": 0.32,
        "bias_pvalue": 0.0014551779063086375,
        "mean_acceptance": 1.0,
        "values": [
          0.32,
          0.148
        ]
      },
      "ancilla": {
        "name": "B: Ancilla",
        "mean_value": -0.21332127500912307,
        "bias": 37.1763980203051,
        "variance": 0.0005850786434700389,
        "std": 0.024188398943916046,
        "mse": 1382.0851548427886,
        "ci_95_lower": -0.23042505592841164,
        "ci_95_upper": -0.19621749408983452,
        "bias_pvalue": 0.00029289024561413496,
        "mean_acceptance": 0.435,
        "values": [
          -0.19621749408983452,
          -0.23042505592841164
        ]
      },
      "ancilla_galton": {
        "name": "C: Ancilla+Galton",
        "mean_value": -3.3347499182739457,
        "bias": 34.05496937704028,
        "variance": 0.014896316647610604,
        "std": 0.12205046762553023,
        "mse": 1159.7558355877989,
        "ci_95_lower": -3.4210526315789473,
        "ci_95_upper": -3.248447204968944,
        "bias_pvalue": 0.0016133297749820628,
        "mean_acceptance": 0.1565,
        "values": [
          -3.248447204968944,
          -3.4210526315789473
        ]
      }
    },
    "16q": {
      "raw": {
        "name": "A: Raw",
        "mean_value": -0.411,
        "bias": 49.46995416865452,
        "variance": 0.06408199999999999,
        "std": 0.253144227664784,
        "mse": 2447.3404474487784,
        "ci_95_lower": -0.59,
        "ci_95_upper": -0.232,
        "bias_pvalue": 0.002303508136480755,
        "mean_acceptance": 1.0,
        "values": [
          -0.232,
          -0.59
        ]
      },
      "ancilla": {
        "name": "B: Ancilla",
        "mean_value": -0.19004646266284708,
        "bias": 49.69090770599167,
        "variance": 0.0005269273555481379,
        "std": 0.02295489829095607,
        "mse": 2469.186835572738,
        "ci_95_lower": -0.2062780269058296,
        "ci_95_upper": -0.17381489841986456,
        "bias_pvalue": 0.0002079522158692019,
        "mean_acceptance": 0.4445,
        "values": [
          -0.17381489841986456,
          -0.2062780269058296
        ]
      },
      "ancilla_galton": {
        "name": "C: Ancilla+Galton",
        "mean_value": -3.6771443246019517,
        "bias": 46.203809844052564,
        "variance": 0.0024109682128537553,
        "std": 0.04910161110242469,
        "mse": 2134.7944550735815,
        "ci_95_lower": -3.711864406779661,
        "ci_95_upper": -3.6424242424242426,
        "bias_pvalue": 0.0004783909969039823,
        "mean_acceptance": 0.17099999999999999,
        "values": [
          -3.6424242424242426,
          -3.711864406779661
        ]
      }
    }
  }
}