{
  "experiment": "qubit_scaling",
  "timestamp": "20260305_113600",
  "qubit_counts": [
    8,
    12,
    16
  ],
  "shots": 100000,
  "n_trials": 15,
  "n_layers": 3,
  "noise": "depol_1q=1e-3, depol_2q=1e-2",
  "results": {
    "8q": {
      "raw": {
        "name": "A: Raw",
        "mean_value": -0.09527466666666666,
        "bias": 24.803209755321063,
        "variance": 0.4414728001409523,
        "std": 0.6644341954933929,
        "mse": 615.6406869665949,
        "ci_95_lower": -0.4106810999999999,
        "ci_95_upper": 0.23555366666666652,
        "bias_pvalue": 1.2609381502609195e-23,
        "mean_acceptance": 1.0,
        "values": [
          -0.19612,
          -0.73614,
          -0.17764,
          -0.6154,
          0.02976,
          0.86234,
          1.01192,
          0.03756,
          -0.2645,
          -1.33846,
          -0.64182,
          0.58668,
          -0.18958,
          0.76532,
          -0.56304
        ]
      },
      "ancilla": {
        "name": "B: Ancilla",
        "mean_value": -0.2988689359638029,
        "bias": 24.59961548602393,
        "variance": 0.0003918246449690184,
        "std": 0.019794560994601987,
        "mse": 605.1414738848733,
        "ci_95_lower": -0.3082994058307387,
        "ci_95_upper": -0.2888975890074217,
        "bias_pvalue": 6.166359388123863e-45,
        "mean_acceptance": 0.37668599999999997,
        "values": [
          -0.3033815143880122,
          -0.27361004828878277,
          -0.31058673469387754,
          -0.26416952852541065,
          -0.3106313171402868,
          -0.2945030361137744,
          -0.30164038859691034,
          -0.3142689934028517,
          -0.29691148376140947,
          -0.2783702561102098,
          -0.2681667281445961,
          -0.31637562129548413,
          -0.3185338425631233,
          -0.33078669694136503,
          -0.3010978494909487
        ]
      },
      "ancilla_galton": {
        "name": "C: Ancilla+Galton",
        "mean_value": -1.9627902699762465,
        "bias": 22.935694152011486,
        "variance": 8.112967666900727e-05,
        "std": 0.009007201378286558,
        "mse": 526.0461473642905,
        "ci_95_lower": -1.9670295983502146,
        "ci_95_upper": -1.958120537828761,
        "bias_pvalue": 2.68210725570059e-49,
        "mean_acceptance": 0.22137333333333334,
        "values": [
          -1.955245384961729,
          -1.956089627755692,
          -1.9662860495554453,
          -1.949963476990504,
          -1.9689172776753183,
          -1.960538805767753,
          -1.97220841429798,
          -1.9696368147981052,
          -1.9601482016988976,
          -1.9757498404594767,
          -1.944464544138929,
          -1.9558995589955899,
          -1.9705670567056706,
          -1.9695851705210115,
          -1.9665538253215977
        ]
      }
    }
  }
}