{
  "experiment": "qubit_scaling",
  "timestamp": "20260304_210151",
  "qubit_counts": [
    8,
    12
  ],
  "shots": 1000,
  "n_trials": 2,
  "n_layers": 3,
  "noise": "depol_1q=1e-3, depol_2q=1e-2",
  "results": {
    "8q": {
      "raw": {
        "name": "A: Raw",
        "mean_value": -0.422,
        "bias": 24.47648442198773,
        "variance": 0.17287199999999997,
        "std": 0.4157787873376899,
        "mse": 599.2711616598081,
        "ci_95_lower": -0.716,
        "ci_95_upper": -0.128,
        "bias_pvalue": 0.007646409074907025,
        "mean_acceptance": 1.0,
        "values": [
          -0.128,
          -0.716
        ]
      },
      "ancilla": {
        "name": "B: Ancilla",
        "mean_value": -0.29736005508431124,
        "bias": 24.60112436690342,
        "variance": 0.022902934941144967,
        "std": 0.1513371565120244,
        "mse": 605.2382230507903,
        "ci_95_lower": -0.40437158469945356,
        "ci_95_upper": -0.1903485254691689,
        "bias_pvalue": 0.0027691915596040114,
        "mean_acceptance": 0.3695,
        "values": [
          -0.1903485254691689,
          -0.40437158469945356
        ]
      },
      "ancilla_galton": {
        "name": "C: Ancilla+Galton",
        "mean_value": -1.9873294346978558,
        "bias": 22.911154987289876,
        "variance": 0.0019455178991446558,
        "std": 0.04410802533717255,
        "mse": 524.9229683695169,
        "ci_95_lower": -2.0185185185185186,
        "ci_95_upper": -1.956140350877193,
        "bias_pvalue": 0.0008666335323620955,
        "mean_acceptance": 0.222,
        "values": [
          -2.0185185185185186,
          -1.956140350877193
        ]
      }
    },
    "12q": {
      "raw": {
        "name": "A: Raw",
        "mean_value": 0.319,
        "bias": 37.708719295314225,
        "variance": 0.010658000000000003,
        "std": 0.10323759005323595,
        "mse": 1421.9581688928033,
        "ci_95_lower": 0.246,
        "ci_95_upper": 0.392,
        "bias_pvalue": 0.001232425449494653,
        "mean_acceptance": 1.0,
        "values": [
          0.392,
          0.246
        ]
      },
      "ancilla": {
        "name": "B: Ancilla",
        "mean_value": -0.3007668139943554,
        "bias": 37.088952481319865,
        "variance": 0.053587628960170275,
        "std": 0.23149001913726275,
        "mse": 1375.6439837905632,
        "ci_95_lower": -0.46445497630331756,
        "ci_95_upper": -0.13707865168539327,
        "bias_pvalue": 0.002809635675341792,
        "mean_acceptance": 0.4335,
        "values": [
          -0.46445497630331756,
          -0.13707865168539327
        ]
      },
      "ancilla_galton": {
        "name": "C: Ancilla+Galton",
        "mean_value": -3.504566401340595,
        "bias": 33.885152893973626,
        "variance": 0.015835587578225802,
        "std": 0.12583953106327836,
        "mse": 1148.2194222355474,
        "ci_95_lower": -3.5935483870967744,
        "ci_95_upper": -3.4155844155844157,
        "bias_pvalue": 0.0016717516808653617,
        "mean_acceptance": 0.1545,
        "values": [
          -3.5935483870967744,
          -3.4155844155844157
        ]
      }
    }
  }
}