{
  "experiment": "train_test_validation",
  "timestamp": "20260306_213413",
  "n_qubits": 8,
  "n_layers": 3,
  "shots": 100000,
  "n_trials": 15,
  "n_train": 5,
  "n_test": 10,
  "exact_energy": -24.89848442198773,
  "frozen_theta": 0.75,
  "theta_mean": 0.75,
  "theta_std": 0.0,
  "train_thresholds": [
    0.75,
    0.75,
    0.75,
    0.75,
    0.75
  ],
  "train_stats": {
    "raw": {
      "name": "A: Raw (train)",
      "n_trials": 5,
      "mean_value": -0.04273200000000002,
      "bias": 24.85575242198773,
      "variance": 0.48196394651999996,
      "std": 0.6942362325030291,
      "mse": 618.2903924096689,
      "ci_95_lower": -0.601316,
      "ci_95_upper": 0.515488,
      "values": [
        0.9258,
        -0.40382,
        0.20386,
        -0.93554,
        -0.00396
      ]
    },
    "ancilla": {
      "name": "B: Ancilla (train)",
      "n_trials": 5,
      "mean_value": -0.2994596261487776,
      "bias": 24.599024795838954,
      "variance": 0.00026904926439059193,
      "std": 0.016402721249554657,
      "mse": 605.112289955564,
      "ci_95_lower": -0.31357775466929383,
      "ci_95_upper": -0.2874613483808126,
      "values": [
        -0.3225678148118686,
        -0.2819350365352819,
        -0.2926099504858739,
        -0.30977196973705096,
        -0.2904133591738126
      ]
    },
    "adaptive": {
      "name": "C: Adaptive Galton (train)",
      "n_trials": 5,
      "mean_value": -1.9647193385444894,
      "bias": 22.93376508344324,
      "variance": 0.00016890971805204314,
      "std": 0.012996527153514632,
      "mse": 525.9577498122784,
      "ci_95_lower": -1.975841014651289,
      "ci_95_upper": -1.9561568188463305,
      "values": [
        -1.9862546042583775,
        -1.9651704909041046,
        -1.9517303370786516,
        -1.9591078066914498,
        -1.9613334537898637
      ]
    },
    "frozen": {
      "name": "D: Frozen Galton (train)",
      "n_trials": 5,
      "mean_value": -1.9647193385444894,
      "bias": 22.93376508344324,
      "variance": 0.00016890971805204314,
      "std": 0.012996527153514632,
      "mse": 525.9577498122784,
      "ci_95_lower": -1.975841014651289,
      "ci_95_upper": -1.9561568188463305,
      "values": [
        -1.9862546042583775,
        -1.9651704909041046,
        -1.9517303370786516,
        -1.9591078066914498,
        -1.9613334537898637
      ]
    }
  },
  "test_stats": {
    "raw": {
      "name": "A: Raw (test)",
      "n_trials": 10,
      "mean_value": -0.067334,
      "bias": 24.831150421987733,
      "variance": 0.25927334391555557,
      "std": 0.5091889078873926,
      "mse": 616.8453046232971,
      "ci_95_lower": -0.3506960499999999,
      "ci_95_upper": 0.24694049999999998,
      "values": [
        -0.67408,
        0.02726,
        -0.47002,
        -0.66538,
        0.91106,
        0.41664,
        -0.37048,
        0.29846,
        -0.17162,
        0.02482
      ]
    },
    "ancilla": {
      "name": "B: Ancilla (test)",
      "n_trials": 10,
      "mean_value": -0.29435009283641705,
      "bias": 24.604134329151314,
      "variance": 8.155386773236125e-05,
      "std": 0.00903071800757621,
      "mse": 605.36350764079,
      "ci_95_lower": -0.29976920223737963,
      "ci_95_upper": -0.28911606265411094,
      "values": [
        -0.2824094977557037,
        -0.29787912613618245,
        -0.289792663476874,
        -0.3013329059486604,
        -0.3096909182403263,
        -0.29912849399511104,
        -0.301582219376184,
        -0.28495328854030033,
        -0.28394863991884894,
        -0.2927831749759795
      ]
    },
    "adaptive": {
      "name": "C: Adaptive Galton (test)",
      "n_trials": 10,
      "mean_value": -1.9540550140407913,
      "bias": 22.94442940794694,
      "variance": 7.826628222273512e-05,
      "std": 0.008846823284249274,
      "mse": 526.4469191225427,
      "ci_95_lower": -1.9594316282034996,
      "ci_95_upper": -1.9490498568156922,
      "values": [
        -1.9627140197102502,
        -1.95049950499505,
        -1.9487098377694427,
        -1.967762469876779,
        -1.9671458830952273,
        -1.9488413948256469,
        -1.947459165154265,
        -1.9562037121696991,
        -1.943272429033581,
        -1.9479417237779695
      ]
    },
    "frozen": {
      "name": "D: Frozen Galton (test)",
      "n_trials": 10,
      "mean_value": -1.9540550140407913,
      "bias": 22.94442940794694,
      "variance": 7.826628222273512e-05,
      "std": 0.008846823284249274,
      "mse": 526.4469191225427,
      "ci_95_lower": -1.9594316282034996,
      "ci_95_upper": -1.9490498568156922,
      "values": [
        -1.9627140197102502,
        -1.95049950499505,
        -1.9487098377694427,
        -1.967762469876779,
        -1.9671458830952273,
        -1.9488413948256469,
        -1.947459165154265,
        -1.9562037121696991,
        -1.943272429033581,
        -1.9479417237779695
      ]
    }
  },
  "test_mse_reduction_frozen_pct": 14.65495235567369,
  "test_mse_reduction_adaptive_pct": 14.65495235567369,
  "p_frozen_vs_raw": 0.0009765625,
  "p_adaptive_vs_raw": 0.0009765625,
  "p_frozen_vs_adaptive": 1.0,
  "per_trial": [
    {
      "trial": 1,
      "split": "train",
      "seed": 42,
      "raw_energy": 0.9258,
      "ancilla_energy": -0.3225678148118686,
      "galton_energy": -1.9862546042583775,
      "galton_threshold": 0.75,
      "galton_acceptance": 0.22262,
      "frozen_energy": -1.9862546042583775,
      "frozen_acceptance": 0.22262
    },
    {
      "trial": 2,
      "split": "train",
      "seed": 1042,
      "raw_energy": -0.40382,
      "ancilla_energy": -0.2819350365352819,
      "galton_energy": -1.9651704909041046,
      "galton_threshold": 0.75,
      "galton_acceptance": 0.21878,
      "frozen_energy": -1.9651704909041046,
      "frozen_acceptance": 0.21878
    },
    {
      "trial": 3,
      "split": "train",
      "seed": 2042,
      "raw_energy": 0.20386,
      "ancilla_energy": -0.2926099504858739,
      "galton_energy": -1.9517303370786516,
      "galton_threshold": 0.75,
      "galton_acceptance": 0.2225,
      "frozen_energy": -1.9517303370786516,
      "frozen_acceptance": 0.2225
    },
    {
      "trial": 4,
      "split": "train",
      "seed": 3042,
      "raw_energy": -0.93554,
      "ancilla_energy": -0.30977196973705096,
      "galton_energy": -1.9591078066914498,
      "galton_threshold": 0.75,
      "galton_acceptance": 0.22327,
      "frozen_energy": -1.9591078066914498,
      "frozen_acceptance": 0.22327
    },
    {
      "trial": 5,
      "split": "train",
      "seed": 4042,
      "raw_energy": -0.00396,
      "ancilla_energy": -0.2904133591738126,
      "galton_energy": -1.9613334537898637,
      "galton_threshold": 0.75,
      "galton_acceptance": 0.22138,
      "frozen_energy": -1.9613334537898637,
      "frozen_acceptance": 0.22138
    },
    {
      "trial": 6,
      "split": "test",
      "seed": 5042,
      "raw_energy": -0.67408,
      "ancilla_energy": -0.2824094977557037,
      "galton_energy": -1.9627140197102502,
      "galton_threshold": 0.75,
      "galton_acceptance": 0.22019,
      "frozen_energy": -1.9627140197102502,
      "frozen_acceptance": 0.22019
    },
    {
      "trial": 7,
      "split": "test",
      "seed": 6042,
      "raw_energy": 0.02726,
      "ancilla_energy": -0.29787912613618245,
      "galton_energy": -1.95049950499505,
      "galton_threshold": 0.75,
      "galton_acceptance": 0.22222,
      "frozen_energy": -1.95049950499505,
      "frozen_acceptance": 0.22222
    },
    {
      "trial": 8,
      "split": "test",
      "seed": 7042,
      "raw_energy": -0.47002,
      "ancilla_energy": -0.289792663476874,
      "galton_energy": -1.9487098377694427,
      "galton_threshold": 0.75,
      "galton_acceptance": 0.22129,
      "frozen_energy": -1.9487098377694427,
      "frozen_acceptance": 0.22129
    },
    {
      "trial": 9,
      "split": "test",
      "seed": 8042,
      "raw_energy": -0.66538,